iter	RMSE
0	1.342116119
1	1.338277776
